feature,rf_importance
cryst_time,0.13474406869228928
si_ratio_to_t,0.09857203662941616
al_ratio_to_t,0.08921351839074307
cryst_temp,0.0834574467145131
na_ratio_to_t,0.07912664074841384
f_ratio_to_t,0.04274102461391431
p_ratio_to_t,0.027303327393036855
k_ratio_to_t,0.024082628313541483
ge_ratio_to_t,0.02133369915075784
b_ratio_to_t,0.01038720619689466
li_ratio_to_t,0.0065020556668448646
zn_ratio_to_t,0.005068073075476017
osda_getaway_mean_230,0.004739899651510262
osda_getaway_mean_98,0.004337558367369875
co_ratio_to_t,0.004259459336568517
ti_ratio_to_t,0.004189252026093787
cs_ratio_to_t,0.003844757067402565
osda_getaway_mean_191,0.0038228416815671708
osda_box_std_9,0.003776897285794861
ga_ratio_to_t,0.003490543239432133
osda_getaway_mean_36,0.003401250500833594
osda_getaway_mean_138,0.00339315017443002
osda_getaway_mean_141,0.003348929051473809
osda_getaway_mean_3,0.003279799885689754
fe_ratio_to_t,0.0032649832929014548
osda_getaway_mean_97,0.003228626909548145
osda_getaway_mean_37,0.003168222457016361
osda_getaway_mean_233,0.0029394418884611632
mg_ratio_to_t,0.0028479676528581793
v_ratio_to_t,0.002552269679037224
osda_spherocity_index_std_0,0.002438775944942612
osda_getaway_mean_194,0.0023383893182756963
osda_whim_mean_52,0.0022979169306587815
osda_whim_mean_10,0.0022658565777994824
osda_getaway_mean_143,0.0022532442185965616
osda_whim_mean_92,0.0022357236619366884
osda_getaway_mean_152,0.002207673845599846
osda_getaway_mean_255,0.0021601465697580137
osda_whim_mean_102,0.002157358496582003
osda_whim_mean_43,0.0020968570705112476
osda_getaway_mean_124,0.002008492721336954
cu_ratio_to_t,0.0020054889922180032
osda_box_std_8,0.0019901242031927667
osda_getaway_mean_121,0.0019850375711593553
osda_whim_mean_100,0.0019716971848441896
osda_whim_mean_24,0.001952600963873495
osda_getaway_mean_18,0.0018283725372096602
osda_whim_mean_33,0.0018271164437796221
osda_getaway_mean_34,0.0017875847868520553
osda_getaway_mean_57,0.0017521710529510384
osda_getaway_mean_40,0.0016839263568081406
osda_whim_mean_35,0.0016707173244306852
osda_whim_mean_65,0.001666546275643015
mn_ratio_to_t,0.0016329661917591587
osda_box_mean_4,0.0016203507957193394
osda_getaway_mean_148,0.0015697323651461708
osda_getaway_mean_202,0.0015432738102997565
osda_getaway_mean_206,0.0015249786058106213
osda_getaway_mean_52,0.0015199051744969804
sr_ratio_to_t,0.0014709113737496641
osda_whim_mean_104,0.0014517262711990788
osda_getaway_mean_238,0.0014405898309844546
osda_whim_mean_105,0.0014260059280857603
osda_getaway_mean_27,0.0013925301555704525
osda_getaway_mean_64,0.0013622247799283038
osda_whim_mean_94,0.0012988396062683133
osda_getaway_mean_12,0.0012825046339361833
osda_getaway_mean_72,0.0012735731223022884
osda_whim_mean_41,0.0012400735821251703
osda_getaway_mean_63,0.0012210741586520225
osda_whim_mean_106,0.0012176168656092524
osda_getaway_mean_102,0.0011988919206013231
osda_npr2_std_0,0.0011801270579572345
osda_getaway_mean_58,0.0011709572879986955
osda_getaway_mean_175,0.0011630367051086452
osda_getaway_mean_59,0.001162041309197591
osda_getaway_mean_171,0.0011567593260820804
ni_ratio_to_t,0.0011460374492458974
osda_box_std_7,0.0011438138472906591
osda_whim_mean_32,0.0011385018348293232
osda_getaway_mean_236,0.001129599934498431
osda_whim_mean_68,0.0011197764333391045
osda_getaway_mean_19,0.0011128062825548804
osda_getaway_mean_267,0.001103783792936063
osda_getaway_mean_61,0.0010994908456282428
osda_whim_mean_8,0.0010968435007342996
osda_axes_mean_0,0.001093295645582541
osda_box_mean_5,0.0010753307101956935
osda_whim_mean_31,0.0010745386705313547
osda_getaway_mean_54,0.0010695061685041425
osda_getaway_mean_78,0.0010546489712546122
osda_whim_mean_0,0.0010476860992312494
osda_getaway_mean_55,0.0010389900958306692
osda_getaway_mean_80,0.0010224918218165917
osda_whim_mean_76,0.0010220309074103903
osda_getaway_mean_25,0.0010152893328318408
osda_axes_std_1,0.0010150346360595882
osda_whim_mean_23,0.0010002608394193949
osda_getaway_mean_95,0.0009896297549641397
osda_getaway_mean_24,0.0009892166029441905
osda_whim_mean_44,0.0009837353938095302
osda_whim_mean_69,0.0009732971083346834
osda_whim_mean_46,0.0009709041438950046
osda_box_std_1,0.0009694384786902828
osda_getaway_mean_142,0.0009592272801157428
osda_npr1_mean_0,0.0009579463306428631
osda_getaway_mean_185,0.0009576307256985061
osda_getaway_mean_201,0.0009552865822453909
rb_ratio_to_t,0.0009535674384366495
osda_getaway_mean_113,0.0009442684213153154
osda_getaway_mean_153,0.0009441947107625527
osda_getaway_mean_212,0.0009406091355548802
osda_whim_mean_2,0.0009305549254685517
osda_getaway_mean_221,0.0009274275105431213
osda_whim_mean_84,0.0009255085029073692
osda_getaway_mean_139,0.0009219798176193735
osda_whim_mean_67,0.0009186832397284436
osda_whim_mean_86,0.0009181369526147142
osda_getaway_mean_50,0.0009122320383365207
osda_getaway_mean_251,0.0009119581804126018
osda_whim_mean_20,0.0009087409504139874
osda_getaway_mean_83,0.0009049743042014772
osda_box_mean_2,0.0009047131855428035
osda_getaway_mean_168,0.0008989691043543065
osda_getaway_mean_258,0.0008894438937611458
osda_whim_mean_30,0.0008878752368358687
osda_getaway_mean_190,0.0008846033143492601
osda_getaway_mean_252,0.0008748820240752323
osda_getaway_mean_130,0.0008745213866624359
osda_asphericity_mean_0,0.0008742560537724906
osda_getaway_mean_272,0.0008659231653213044
osda_getaway_mean_248,0.0008506122665898199
osda_getaway_mean_112,0.0008474969421301677
osda_getaway_mean_231,0.0008454066736127845
osda_whim_mean_55,0.0008449551048660739
osda_getaway_mean_149,0.0008448773600625268
osda_getaway_mean_182,0.0008388456013141667
osda_getaway_mean_222,0.0008353258234752761
osda_getaway_mean_220,0.0008318786182324989
osda_whim_mean_21,0.0008288368942644379
osda_getaway_mean_82,0.0008276915353520296
osda_axes_mean_1,0.0008228164903674966
osda_getaway_mean_226,0.0008201875737033153
osda_whim_mean_42,0.0008148916602115185
osda_whim_mean_85,0.000807083726295607
osda_getaway_mean_207,0.0008022438985557528
osda_whim_mean_63,0.0007999713793361883
osda_getaway_mean_101,0.0007984744839132774
osda_getaway_mean_99,0.0007975560930832777
osda_getaway_mean_125,0.0007927552015235839
osda_getaway_mean_79,0.0007879192551399418
osda_getaway_mean_150,0.0007847637118798852
osda_box_mean_10,0.0007786614977446292
osda_getaway_mean_241,0.0007755144619268721
osda_getaway_mean_21,0.0007753055858248781
osda_getaway_mean_219,0.000774196469887997
osda_getaway_mean_51,0.0007740090117426858
osda_getaway_mean_89,0.0007727263859599646
osda_whim_mean_64,0.000767223956875671
osda_getaway_mean_257,0.0007617639163017529
osda_getaway_mean_120,0.0007615634445011451
osda_getaway_mean_119,0.000756419924584891
osda_getaway_mean_69,0.0007523748614158742
osda_getaway_mean_151,0.0007505701625974981
osda_whim_mean_98,0.000748004231143502
osda_axes_std_0,0.0007479467267265501
osda_whim_mean_15,0.0007472329125845455
osda_box_mean_0,0.0007471891539462366
osda_volume_std_0,0.0007461404831508996
osda_getaway_mean_205,0.0007460886014920351
osda_box_mean_6,0.0007425449986437914
osda_whim_mean_107,0.0007418098218929474
osda_getaway_mean_1,0.0007415720365786687
osda_getaway_mean_136,0.0007388715482848036
osda_getaway_mean_193,0.0007377045900339955
osda_whim_mean_37,0.0007363977501693232
osda_whim_mean_87,0.0007344838393919884
osda_getaway_mean_217,0.0007342987495551052
osda_getaway_mean_256,0.0007304894413960626
osda_getaway_mean_16,0.0007272580967732864
osda_getaway_mean_184,0.0007257067959360647
osda_getaway_mean_60,0.0007256656162937008
osda_getaway_mean_129,0.0007225803402681039
osda_spherocity_index_mean_0,0.0007214057367276682
osda_whim_mean_38,0.0007212644668494895
osda_getaway_mean_166,0.0007209481396326006
osda_getaway_mean_197,0.0007200396018785323
osda_getaway_mean_239,0.0007188206339393508
osda_getaway_mean_123,0.0007180426656117275
osda_getaway_mean_223,0.0007170593413015423
osda_whim_mean_45,0.0007168304202192126
osda_whim_mean_99,0.0007152805024162756
osda_getaway_mean_167,0.0007146720129430701
osda_whim_mean_22,0.0007145670637919732
osda_getaway_mean_100,0.0007131654797513536
osda_box_mean_3,0.0007057718424479857
osda_getaway_mean_2,0.000701090344946127
osda_whim_mean_53,0.000700873449616426
osda_pmi3_std_0,0.0007003694487116568
osda_whim_mean_26,0.0006986794424146685
osda_whim_mean_70,0.0006949214601537064
osda_mol_weight,0.0006940208514126548
osda_whim_mean_74,0.0006922475174849177
osda_whim_mean_103,0.0006911050456882235
osda_getaway_mean_47,0.0006825029055122536
osda_whim_mean_95,0.0006813927576196669
osda_whim_mean_108,0.000677538260885666
osda_getaway_mean_126,0.0006771019654681602
osda_getaway_mean_29,0.0006742068488626404
osda_getaway_mean_9,0.0006724949831918549
osda_getaway_mean_165,0.0006717298422425311
osda_getaway_mean_140,0.0006689282536348985
osda_getaway_mean_33,0.0006679733240497828
osda_num_rot_bonds_mean_0,0.0006669713204611672
osda_getaway_mean_186,0.0006661614009940527
osda_gyration_radius_std_0,0.0006622321563368102
osda_getaway_mean_187,0.0006583607278602007
osda_getaway_mean_266,0.0006558815902904217
osda_getaway_mean_43,0.0006547365604500897
osda_getaway_mean_137,0.0006485857891590094
osda_whim_mean_54,0.0006455739267085324
osda_getaway_mean_118,0.0006443355252119104
osda_getaway_mean_41,0.0006411657138596848
osda_getaway_mean_208,0.0006408399577238254
sn_ratio_to_t,0.0006363768928579661
osda_whim_mean_101,0.0006362652473498945
osda_getaway_mean_30,0.0006351638756453283
osda_getaway_mean_92,0.0006343971558760302
osda_getaway_mean_17,0.000633262536608271
osda_getaway_mean_203,0.0006327203297214777
osda_whim_mean_19,0.0006320915280918437
osda_whim_mean_28,0.0006308382922776054
osda_whim_mean_13,0.0006298701716818493
osda_box_std_2,0.0006280037069832878
osda_getaway_mean_198,0.0006258553114589227
osda_volume_mean_0,0.0006247439436891205
osda_getaway_mean_127,0.0006233814989235292
osda_whim_mean_4,0.0006221850083878323
osda_getaway_mean_133,0.0006217044243785616
osda_whim_mean_14,0.0006217016448562341
osda_whim_mean_49,0.0006211466499379441
osda_box_std_3,0.0006179478491304224
osda_eccentricity_mean_0,0.000612460928273025
osda_getaway_mean_173,0.000605966345402143
osda_getaway_mean_264,0.0006045275778091532
osda_inertial_shape_factor_std_0,0.00060068378080685
osda_getaway_mean_228,0.00059864846395427
osda_getaway_mean_132,0.0005976122136981117
osda_whim_mean_18,0.0005957211316724607
be_ratio_to_t,0.0005950930257180333
osda_box_std_6,0.0005902898151741598
osda_getaway_mean_76,0.0005861808952234883
osda_free_sasa_mean_0,0.0005818450012131534
osda_getaway_mean_62,0.0005809037869437248
osda_getaway_mean_204,0.0005801314974864286
osda_getaway_mean_158,0.0005796777550252849
osda_whim_mean_75,0.00057861588063217
osda_getaway_mean_210,0.0005780038515691519
osda_getaway_mean_237,0.0005773901339153354
osda_free_sasa_std_0,0.0005762684648597002
osda_getaway_mean_38,0.0005701930081846211
osda_getaway_mean_160,0.0005676178035510173
osda_getaway_mean_56,0.0005674026694704639
osda_getaway_mean_161,0.0005670495956550249
osda_getaway_mean_31,0.0005669404483106962
osda_whim_mean_56,0.0005631419480308594
osda_getaway_mean_200,0.0005630506484129099
osda_getaway_mean_49,0.0005609935794231395
osda_getaway_mean_163,0.0005599752026095283
osda_getaway_mean_199,0.0005594612043803573
osda_getaway_mean_265,0.0005590579810889958
osda_whim_mean_66,0.0005552002481245449
osda_getaway_mean_269,0.0005526432739233023
osda_whim_mean_48,0.0005520029525078181
osda_whim_mean_73,0.0005517494136183425
osda_getaway_mean_117,0.0005501243431655577
osda_whim_mean_9,0.0005490498163780292
osda_getaway_mean_250,0.0005486943643540137
osda_npr2_mean_0,0.0005473612692484909
ce_ratio_to_t,0.0005470761670600443
osda_getaway_mean_20,0.0005466287637379212
osda_getaway_mean_70,0.0005465488138893646
osda_getaway_mean_164,0.0005438897372698913
osda_whim_mean_5,0.0005435956839205402
osda_whim_mean_97,0.0005415487420838271
osda_getaway_mean_7,0.0005405614574400588
osda_whim_mean_57,0.0005355837256693017
osda_whim_mean_25,0.0005263863050644407
osda_getaway_mean_65,0.0005263377505552948
osda_whim_mean_1,0.0005238408483870593
osda_getaway_mean_174,0.000520542901906956
osda_getaway_mean_103,0.0005203464701953964
osda_box_std_0,0.0005199178748638976
osda_getaway_mean_254,0.0005187571601578584
osda_getaway_mean_128,0.0005184886223943839
osda_getaway_mean_234,0.0005162305880109237
osda_getaway_mean_244,0.0005146387092647995
osda_getaway_mean_270,0.0005140947029568206
osda_getaway_mean_218,0.0005120085471078379
osda_getaway_mean_14,0.000507676664477118
osda_getaway_mean_232,0.0005063525205962795
osda_getaway_mean_177,0.0005063043111288162
osda_whim_mean_91,0.0005039268167405968
osda_getaway_mean_26,0.0005025863715270918
osda_box_mean_9,0.0005018371641522571
osda_getaway_mean_22,0.0005016281010685703
osda_getaway_mean_224,0.0005016125383848543
cr_ratio_to_t,0.0004979613769361326
osda_whim_mean_59,0.0004971058255934973
osda_getaway_mean_104,0.0004970448415417349
osda_getaway_mean_249,0.0004968506388602392
osda_getaway_mean_169,0.0004965253039820463
osda_getaway_mean_156,0.0004957312939727313
osda_getaway_mean_159,0.0004939367226797739
osda_getaway_mean_0,0.0004933541503152678
osda_getaway_mean_192,0.0004932941728797761
osda_getaway_mean_85,0.000492053357377524
osda_getaway_mean_5,0.0004913511157761826
osda_getaway_mean_178,0.0004905054345204845
osda_getaway_mean_195,0.0004897864893887992
osda_getaway_mean_268,0.0004896813667819675
osda_getaway_mean_106,0.0004867755173331919
osda_box_std_4,0.0004867206189596202
osda_bertz_ct_mean_0,0.0004864904868537536
osda_getaway_mean_44,0.00048306724237943537
osda_getaway_mean_46,0.00048270874051269054
osda_whim_mean_47,0.0004820317806960492
osda_asphericity_std_0,0.00048196983230495337
osda_getaway_mean_122,0.00048066357229785265
osda_getaway_mean_81,0.00048022268881841516
osda_getaway_mean_240,0.0004800438069259036
osda_getaway_mean_8,0.00047907933838461795
osda_box_std_11,0.00047826291805261176
osda_eccentricity_std_0,0.00047747441128909336
osda_getaway_mean_67,0.00047627510687523676
osda_getaway_mean_242,0.00047541939260749364
osda_getaway_mean_15,0.00046914404678174743
osda_whim_mean_29,0.0004681652337568457
osda_whim_mean_62,0.0004675990115195254
osda_box_mean_8,0.00046604407225238266
osda_box_mean_7,0.0004623696372802389
osda_whim_mean_58,0.00046015108377295814
osda_getaway_mean_259,0.00045862200608334227
osda_getaway_mean_28,0.0004552718732458879
osda_getaway_mean_227,0.0004550503896671971
osda_getaway_mean_94,0.00045225532695960814
osda_getaway_mean_172,0.00044963798332111623
osda_getaway_mean_214,0.00044774902918433675
osda_getaway_mean_88,0.00044770677396327446
osda_pmi1_std_0,0.0004471894569416372
osda_getaway_mean_110,0.0004445923704363585
osda_whim_mean_17,0.00044458327349965426
osda_pmi1_mean_0,0.00044277721219561063
osda_getaway_mean_183,0.0004398862178650741
osda_getaway_mean_75,0.0004397585678535912
osda_whim_mean_72,0.00043893706918699264
osda_box_std_5,0.00043652170624355684
osda_getaway_mean_170,0.00043577227563004495
osda_getaway_mean_196,0.0004351167788021062
osda_getaway_mean_96,0.00043496781860145954
osda_getaway_mean_176,0.00043360089811123054
osda_getaway_mean_243,0.00043312099955034516
osda_getaway_mean_73,0.00043077253890637683
osda_getaway_mean_247,0.00043058684064701993
osda_getaway_mean_271,0.00042917783885638663
osda_whim_mean_7,0.0004281753397807303
osda_whim_mean_12,0.0004275093637153941
osda_pmi2_mean_0,0.00042425181428881156
osda_whim_mean_34,0.00042366044178448407
osda_getaway_mean_181,0.00042203937545394894
osda_whim_mean_39,0.00042163159301536533
osda_getaway_mean_66,0.00042028500395504577
osda_getaway_mean_209,0.00042027697669306066
osda_whim_mean_96,0.0004202037155693224
osda_getaway_mean_108,0.00041727240657355905
osda_getaway_mean_235,0.0004151824886423783
osda_getaway_mean_109,0.00041471098442425727
osda_getaway_mean_42,0.0004122347784204605
osda_getaway_mean_107,0.00041163881410970844
osda_getaway_mean_229,0.0004098839881880971
osda_getaway_mean_77,0.00040965835930178806
osda_whim_mean_27,0.00040898876429565313
osda_box_std_10,0.00040782400648911186
osda_getaway_mean_157,0.0004048632884540376
osda_whim_mean_113,0.00040403038920127694
osda_getaway_mean_11,0.0004037332678262183
osda_getaway_mean_179,0.00040356577468403474
osda_whim_mean_89,0.00040312809852767104
osda_getaway_mean_180,0.0004021625511664819
osda_getaway_mean_135,0.0004016449828992463
osda_getaway_mean_162,0.0004010778216015402
osda_getaway_mean_246,0.00040044645323502166
osda_whim_mean_16,0.0003983474202115606
osda_whim_mean_109,0.00039695942152143457
osda_whim_mean_61,0.00039529404216755653
osda_getaway_mean_253,0.0003945594745801202
osda_getaway_mean_144,0.0003943483730168104
osda_getaway_mean_10,0.0003943265362770925
osda_getaway_mean_68,0.00039124949870073244
osda_getaway_mean_105,0.00039088335909061897
osda_getaway_mean_115,0.00039066021862244185
osda_getaway_mean_213,0.00039053115723498643
osda_pmi2_std_0,0.0003877912408499179
osda_getaway_mean_39,0.00038711675559705445
osda_getaway_mean_147,0.0003854887462420345
osda_whim_mean_36,0.00038368408828070406
osda_getaway_mean_216,0.0003836280586118173
osda_whim_mean_3,0.00037430573008963514
osda_getaway_mean_145,0.00037144139098837137
osda_getaway_mean_48,0.0003709498101399749
osda_getaway_mean_116,0.0003694714866872956
osda_whim_mean_80,0.00036932996883481923
osda_getaway_mean_87,0.00036499470817600937
osda_getaway_mean_134,0.0003637421394103491
osda_getaway_mean_215,0.0003603923647982873
osda_getaway_mean_211,0.00036038824175369514
osda_getaway_mean_154,0.00035737223882341087
osda_getaway_mean_260,0.0003569924746012705
osda_getaway_mean_263,0.00035288086342500816
osda_gyration_radius_mean_0,0.00035217308439474836
osda_getaway_mean_188,0.00035087545348982176
osda_npr1_std_0,0.00035067584592089995
osda_whim_mean_40,0.0003493225136016439
osda_getaway_mean_32,0.0003479552460413566
osda_whim_mean_77,0.00034768843507761106
osda_whim_mean_11,0.00034623802281956645
osda_getaway_mean_23,0.0003458094494720012
osda_whim_mean_112,0.0003445774109031939
osda_getaway_mean_225,0.00034287187190942115
osda_getaway_mean_45,0.00034190573427890926
osda_getaway_mean_6,0.0003399193572477939
osda_getaway_mean_84,0.00033887019789492675
osda_whim_mean_6,0.0003353621949160472
osda_whim_mean_110,0.00033169171802555054
ba_ratio_to_t,0.0003297848692315349
osda_getaway_mean_262,0.00032847679078636333
osda_getaway_mean_74,0.00032635203129712756
osda_whim_mean_60,0.0003258463853867086
osda_whim_mean_78,0.0003252656301680422
osda_box_mean_11,0.00032525382765149184
osda_inertial_shape_factor_mean_0,0.00032447789425395663
osda_getaway_mean_86,0.00032304061613426543
osda_getaway_mean_93,0.00032084770547335625
osda_whim_mean_71,0.00031941102942806504
osda_getaway_mean_35,0.0003140157436115726
osda_whim_mean_111,0.00031314483884728364
osda_getaway_mean_114,0.0003103501937124926
osda_getaway_mean_245,0.0003095843741868826
osda_box_mean_1,0.00030953963944188633
osda_getaway_mean_91,0.00030544383255190624
osda_getaway_mean_71,0.00029464535653498525
osda_whim_mean_50,0.0002904083189925669
osda_whim_mean_81,0.0002894744839993361
osda_whim_mean_88,0.0002885118244314053
osda_getaway_mean_131,0.00028518541906770326
osda_getaway_mean_13,0.0002845654329397143
osda_pmi3_mean_0,0.0002827657867736446
ca_ratio_to_t,0.00028230356339441497
osda_getaway_mean_189,0.0002819796755001526
osda_whim_mean_51,0.0002819560537399709
osda_getaway_mean_146,0.0002802629442193089
osda_num_bonds_mean_0,0.0002756217395199578
osda_getaway_mean_90,0.0002739965220191141
osda_whim_mean_93,0.0002675813868903553
osda_whim_mean_79,0.00026640547903522625
osda_getaway_mean_261,0.0002614592348996244
osda_whim_mean_82,0.00025941144827851676
osda_whim_mean_83,0.00025534152322098224
osda_getaway_mean_155,0.00023670550807421264
osda_getaway_mean_53,0.00023652752426814912
osda_whim_mean_90,0.0002227560835853126
osda_getaway_mean_111,0.00022257429526173324
zr_ratio_to_t,0.0001650561569013276
la_ratio_to_t,0.00012497330472944967
nb_ratio_to_t,0.00011833633518367124
in_ratio_to_t,0.00011504877277006643
osda_formal_charge,9.244813391672156e-05
cd_ratio_to_t,8.170687965715499e-05
gd_ratio_to_t,7.858720452730984e-05
sm_ratio_to_t,2.2724682782431232e-05
y_ratio_to_t,1.9205263323401993e-05
w_ratio_to_t,6.665000866145468e-06
ag_ratio_to_t,2.0014063822236426e-06
osda_getaway_mean_4,0.0
dy_ratio_to_t,0.0
