feature,mean_abs_shap
si_ratio_to_t,0.0006619526471968928
al_ratio_to_t,0.0006012606160236857
cryst_temp,0.0005728379197824881
cryst_time,0.0005460014458393422
na_ratio_to_t,0.00041087027700627407
f_ratio_to_t,0.00030918057030474754
ge_ratio_to_t,0.00020259323722343034
p_ratio_to_t,0.00019547061505946267
k_ratio_to_t,0.0001727679582036868
osda_getaway_mean_191,0.00015924351741326126
osda_getaway_mean_98,0.00010296500261406934
osda_getaway_mean_233,0.00010024223537161734
osda_whim_mean_33,8.440926225551252e-05
osda_getaway_mean_143,7.918755990776368e-05
osda_whim_mean_52,7.680246871870523e-05
osda_getaway_mean_230,7.582366850341152e-05
osda_getaway_mean_255,7.128502748783906e-05
osda_getaway_mean_124,6.986381041203353e-05
b_ratio_to_t,6.784492266212252e-05
osda_getaway_mean_37,6.605160398015439e-05
osda_getaway_mean_40,6.46438656339591e-05
osda_getaway_mean_34,6.46010928957862e-05
osda_getaway_mean_138,6.26947876799001e-05
osda_box_std_9,6.244661595514303e-05
osda_getaway_mean_36,6.037213075025379e-05
osda_getaway_mean_3,6.0074792918262896e-05
osda_getaway_mean_97,5.7910353733793646e-05
osda_getaway_mean_27,5.381169728529196e-05
osda_getaway_mean_141,5.334324858350148e-05
osda_whim_mean_104,5.2386289568326636e-05
li_ratio_to_t,5.210036612045866e-05
osda_whim_mean_94,5.0515514897564635e-05
osda_getaway_mean_171,4.956728654003606e-05
osda_getaway_mean_148,4.867787177322532e-05
osda_getaway_mean_52,4.8551584417291975e-05
osda_getaway_mean_202,4.721894850159122e-05
ti_ratio_to_t,4.719049838118183e-05
osda_whim_mean_102,4.641598976944636e-05
osda_getaway_mean_238,4.61251856947813e-05
osda_getaway_mean_175,4.590678628111625e-05
osda_whim_mean_100,4.589154154610924e-05
osda_getaway_mean_121,4.396367672882299e-05
osda_whim_mean_0,4.3136648153794445e-05
osda_getaway_mean_12,4.254594607851603e-05
osda_getaway_mean_57,4.1645800001498076e-05
osda_getaway_mean_102,4.099015409910791e-05
osda_whim_mean_31,4.0303086932067756e-05
osda_getaway_mean_64,4.0216639741849884e-05
osda_getaway_mean_18,4.0042966763284573e-05
osda_getaway_mean_72,3.9941718751989515e-05
osda_getaway_mean_54,3.9808024343412874e-05
osda_getaway_mean_59,3.904453835739157e-05
osda_getaway_mean_63,3.822926891013862e-05
osda_whim_mean_92,3.817679614759058e-05
osda_getaway_mean_19,3.807551334328052e-05
cs_ratio_to_t,3.7428134744105564e-05
osda_spherocity_index_std_0,3.734278473991177e-05
osda_axes_mean_1,3.7145530279017383e-05
osda_getaway_mean_55,3.706125030273567e-05
osda_getaway_mean_61,3.7008128218370344e-05
osda_whim_mean_84,3.693005960036498e-05
osda_whim_mean_24,3.692998591105721e-05
osda_whim_mean_10,3.6220592105394665e-05
osda_getaway_mean_152,3.6127867376459436e-05
osda_whim_mean_35,3.601145556098875e-05
osda_whim_mean_44,3.5858813480376e-05
osda_getaway_mean_194,3.5801819291065415e-05
osda_whim_mean_43,3.4639801736146484e-05
osda_getaway_mean_25,3.4303495740871205e-05
osda_whim_mean_86,3.402155758158941e-05
zn_ratio_to_t,3.362665440383489e-05
osda_getaway_mean_190,3.346314526095066e-05
osda_whim_mean_69,3.3442670315666874e-05
osda_getaway_mean_236,3.312665225987103e-05
osda_npr1_mean_0,3.310145238378425e-05
osda_whim_mean_105,3.3077127571561315e-05
osda_box_std_8,3.263040007638541e-05
osda_whim_mean_85,3.257814779924977e-05
osda_box_mean_0,3.2415520405344205e-05
osda_getaway_mean_142,3.235971682738566e-05
osda_getaway_mean_153,3.2332764967174736e-05
osda_getaway_mean_113,3.207023364982262e-05
osda_whim_mean_41,3.185641641052689e-05
osda_whim_mean_8,3.137261355396363e-05
osda_getaway_mean_130,3.134139255129488e-05
osda_box_mean_4,3.099848666764841e-05
osda_getaway_mean_50,3.0910587096662444e-05
osda_whim_mean_55,3.088857415972063e-05
osda_getaway_mean_201,3.054409803892131e-05
osda_getaway_mean_258,3.048175564609909e-05
osda_box_std_7,2.9781530582923475e-05
osda_getaway_mean_185,2.9698854443651547e-05
osda_getaway_mean_58,2.9588953795008714e-05
osda_whim_mean_87,2.957566637829342e-05
osda_whim_mean_99,2.9515868356075343e-05
osda_getaway_mean_220,2.9106695897440874e-05
osda_getaway_mean_24,2.9046275112612775e-05
osda_getaway_mean_251,2.872913602076486e-05
osda_axes_std_1,2.8317138237346253e-05
osda_getaway_mean_272,2.811099685236931e-05
osda_getaway_mean_95,2.8062571133616824e-05
osda_getaway_mean_212,2.74420685534927e-05
osda_getaway_mean_206,2.7271128221047058e-05
osda_asphericity_mean_0,2.725114749192989e-05
osda_getaway_mean_112,2.7131418802446293e-05
osda_getaway_mean_89,2.707230390963316e-05
osda_box_std_1,2.7031593604659204e-05
osda_whim_mean_68,2.702617643074085e-05
osda_getaway_mean_80,2.6859120454198158e-05
osda_getaway_mean_139,2.676927791535277e-05
osda_getaway_mean_99,2.6438698191234204e-05
osda_whim_mean_20,2.6379201578563252e-05
osda_getaway_mean_82,2.6295024407932396e-05
osda_getaway_mean_226,2.616517952258174e-05
osda_box_mean_3,2.5661619099166498e-05
osda_getaway_mean_252,2.566079133308038e-05
osda_whim_mean_108,2.549833154217697e-05
osda_getaway_mean_197,2.5483254282091192e-05
osda_getaway_mean_223,2.5135815668732212e-05
osda_getaway_mean_184,2.4547389193468235e-05
osda_getaway_mean_136,2.4418318759606847e-05
osda_whim_mean_14,2.413778738617114e-05
osda_getaway_mean_83,2.4107581851106692e-05
osda_whim_mean_65,2.4064407195557477e-05
osda_getaway_mean_125,2.4012173987807536e-05
osda_getaway_mean_151,2.3993039965385878e-05
osda_getaway_mean_30,2.3846703900805758e-05
osda_getaway_mean_129,2.37893897650032e-05
osda_getaway_mean_78,2.3585761586507907e-05
osda_getaway_mean_221,2.3585197349308365e-05
osda_getaway_mean_69,2.3436604170926142e-05
osda_getaway_mean_76,2.3381848021417514e-05
osda_getaway_mean_51,2.328569071673576e-05
osda_whim_mean_26,2.3110267153695684e-05
osda_getaway_mean_182,2.2994363936082663e-05
osda_getaway_mean_168,2.298739933856534e-05
osda_whim_mean_23,2.284931266351879e-05
osda_getaway_mean_137,2.2701503842476914e-05
osda_num_rot_bonds_mean_0,2.258902520557227e-05
osda_whim_mean_15,2.2543751022573813e-05
osda_whim_mean_21,2.2468347118745944e-05
osda_axes_std_0,2.246039782774995e-05
osda_getaway_mean_219,2.2336193250678007e-05
osda_getaway_mean_2,2.2331863538892804e-05
osda_whim_mean_106,2.2234111150165353e-05
osda_getaway_mean_222,2.2181071729730052e-05
osda_getaway_mean_60,2.2126113987682887e-05
osda_whim_mean_63,2.2119456364105356e-05
osda_getaway_mean_126,2.206220231944453e-05
osda_whim_mean_2,2.188984823383607e-05
osda_whim_mean_37,2.1696448454344525e-05
osda_whim_mean_32,2.168041253513095e-05
osda_getaway_mean_133,2.1623861426935463e-05
osda_whim_mean_30,2.123176178418429e-05
osda_getaway_mean_267,2.119433264596633e-05
osda_box_std_2,2.1190444302215975e-05
osda_npr2_std_0,2.111519917491874e-05
osda_whim_mean_22,2.110423600431396e-05
osda_inertial_shape_factor_std_0,2.093687471933115e-05
osda_getaway_mean_149,2.047356536162328e-05
osda_getaway_mean_101,2.0426607090753855e-05
osda_whim_mean_70,2.04040410762456e-05
osda_whim_mean_98,2.0318759138393244e-05
osda_axes_mean_0,2.0293243637681028e-05
osda_getaway_mean_187,2.0277137767288838e-05
osda_free_sasa_std_0,2.0260304016155264e-05
osda_whim_mean_76,2.0169273364875627e-05
rb_ratio_to_t,1.9944568997851207e-05
osda_mol_weight,1.994159608621811e-05
osda_getaway_mean_92,1.993421077071724e-05
osda_getaway_mean_205,1.986284863255594e-05
osda_whim_mean_95,1.9844206049146764e-05
osda_getaway_mean_140,1.975379495668577e-05
osda_getaway_mean_241,1.972674187697778e-05
osda_getaway_mean_165,1.969513995461102e-05
osda_getaway_mean_16,1.9614771991395938e-05
osda_getaway_mean_248,1.9557151936346963e-05
osda_getaway_mean_123,1.953557259835782e-05
osda_getaway_mean_132,1.952807694094633e-05
osda_box_mean_5,1.94689289243189e-05
osda_getaway_mean_217,1.941793178943236e-05
osda_box_mean_2,1.9396174305095665e-05
osda_volume_mean_0,1.93315910566674e-05
osda_getaway_mean_21,1.9326810777473274e-05
osda_getaway_mean_100,1.930077265105428e-05
osda_getaway_mean_239,1.9277361331510484e-05
osda_whim_mean_103,1.9200186708376806e-05
osda_getaway_mean_167,1.9156902134120486e-05
osda_getaway_mean_47,1.9063833586377662e-05
osda_whim_mean_48,1.9001785545591987e-05
osda_whim_mean_47,1.8867653958335652e-05
osda_getaway_mean_49,1.8621850918737012e-05
osda_getaway_mean_257,1.8610842052096107e-05
osda_whim_mean_73,1.8576064407642383e-05
osda_getaway_mean_70,1.8553849987844374e-05
osda_whim_mean_64,1.848379230335398e-05
osda_volume_std_0,1.8472001096761684e-05
osda_getaway_mean_14,1.839767946121794e-05
osda_free_sasa_mean_0,1.8376361898802238e-05
osda_getaway_mean_119,1.83309710100916e-05
osda_getaway_mean_9,1.8142556606424878e-05
osda_whim_mean_67,1.8082328469282102e-05
osda_getaway_mean_186,1.797850308816878e-05
osda_whim_mean_54,1.7970687123721056e-05
osda_getaway_mean_193,1.7951766378638906e-05
osda_pmi3_std_0,1.7923460079617884e-05
osda_getaway_mean_242,1.7904551763230232e-05
osda_getaway_mean_208,1.7901077425470566e-05
osda_whim_mean_46,1.7723206093766184e-05
osda_getaway_mean_31,1.7697545645274213e-05
osda_getaway_mean_256,1.7691434908640016e-05
osda_whim_mean_25,1.7610302570111275e-05
osda_spherocity_index_mean_0,1.751572929538616e-05
osda_getaway_mean_43,1.7482909411252446e-05
osda_getaway_mean_159,1.7443385006485323e-05
osda_getaway_mean_110,1.7414269510636925e-05
osda_getaway_mean_164,1.7351666899464736e-05
osda_whim_mean_53,1.7257585337793915e-05
osda_whim_mean_9,1.7104191186146407e-05
osda_whim_mean_66,1.685817341308588e-05
osda_getaway_mean_166,1.6847319729762685e-05
osda_whim_mean_107,1.6804747318939642e-05
osda_getaway_mean_127,1.6631321664940483e-05
osda_getaway_mean_17,1.652035798588575e-05
osda_getaway_mean_38,1.6508409817844762e-05
osda_getaway_mean_150,1.6474977896220446e-05
osda_gyration_radius_std_0,1.637231112002635e-05
osda_getaway_mean_173,1.635356920529419e-05
osda_getaway_mean_120,1.635132294112504e-05
osda_getaway_mean_29,1.633758740778879e-05
osda_getaway_mean_204,1.6320504940178516e-05
osda_whim_mean_101,1.6296080490002577e-05
osda_getaway_mean_41,1.6188487367751033e-05
osda_whim_mean_97,1.6031524066150762e-05
osda_getaway_mean_79,1.6029110217841136e-05
osda_getaway_mean_200,1.5947169697250885e-05
osda_whim_mean_28,1.5928934386514733e-05
fe_ratio_to_t,1.5841021184488716e-05
osda_getaway_mean_198,1.569908305146211e-05
osda_whim_mean_38,1.5617430033899688e-05
osda_getaway_mean_178,1.5561362413487654e-05
osda_getaway_mean_268,1.5536608830379475e-05
osda_asphericity_std_0,1.548983069792288e-05
osda_getaway_mean_158,1.544559183032142e-05
osda_eccentricity_mean_0,1.5413846677936688e-05
osda_getaway_mean_44,1.541355325700398e-05
osda_getaway_mean_264,1.5390603296873907e-05
osda_whim_mean_1,1.5388296230491192e-05
osda_whim_mean_57,1.5332207413235755e-05
ga_ratio_to_t,1.5327182924618264e-05
osda_whim_mean_4,1.5326810311089385e-05
osda_getaway_mean_104,1.5325690867050766e-05
osda_whim_mean_45,1.5305922212706076e-05
osda_getaway_mean_163,1.524341642378089e-05
osda_getaway_mean_62,1.523951589965481e-05
osda_getaway_mean_210,1.5234497667816635e-05
osda_getaway_mean_207,1.521459573245372e-05
osda_getaway_mean_237,1.505639323774343e-05
osda_getaway_mean_231,1.4810440353793505e-05
osda_getaway_mean_105,1.4809975861720379e-05
osda_getaway_mean_33,1.4800633110437091e-05
osda_getaway_mean_203,1.4574677547528568e-05
osda_getaway_mean_161,1.4566433941614454e-05
osda_npr2_mean_0,1.4539138792990046e-05
osda_getaway_mean_157,1.4500890447521827e-05
osda_getaway_mean_228,1.449360065564732e-05
osda_getaway_mean_20,1.4451178699095561e-05
osda_box_std_0,1.4310284016170478e-05
osda_getaway_mean_234,1.4287113500659618e-05
osda_getaway_mean_103,1.414168736536804e-05
osda_getaway_mean_11,1.3956477739220315e-05
osda_getaway_mean_265,1.39450878945443e-05
osda_whim_mean_59,1.3930316661627076e-05
osda_box_std_5,1.392002140667558e-05
osda_eccentricity_std_0,1.3904719639004164e-05
osda_getaway_mean_1,1.3856798832402786e-05
osda_getaway_mean_156,1.381549179677919e-05
osda_whim_mean_3,1.3736922387014165e-05
v_ratio_to_t,1.3703902793642961e-05
osda_whim_mean_56,1.3482284219878253e-05
osda_getaway_mean_109,1.34570623483184e-05
osda_getaway_mean_269,1.3416256700957588e-05
osda_getaway_mean_162,1.3385181043366615e-05
osda_whim_mean_89,1.3384613835319843e-05
osda_box_std_3,1.3341294664035415e-05
osda_getaway_mean_117,1.3278090059763531e-05
osda_whim_mean_96,1.3246603112618847e-05
osda_whim_mean_18,1.3220755117007194e-05
osda_getaway_mean_118,1.3214082922140192e-05
osda_getaway_mean_85,1.3194807106222552e-05
osda_whim_mean_5,1.3131716075463385e-05
osda_getaway_mean_192,1.3111006334965007e-05
osda_whim_mean_74,1.307837911550358e-05
osda_getaway_mean_172,1.3057118130815706e-05
osda_bertz_ct_mean_0,1.2942827373400046e-05
osda_getaway_mean_56,1.289312680794359e-05
osda_getaway_mean_67,1.2873157648340485e-05
osda_getaway_mean_7,1.266500239210233e-05
osda_getaway_mean_270,1.2654029523550349e-05
osda_getaway_mean_39,1.2619804403656727e-05
osda_whim_mean_29,1.2615125760772656e-05
osda_getaway_mean_169,1.2580948814335652e-05
osda_getaway_mean_181,1.2569918341112374e-05
osda_getaway_mean_254,1.2507158111419123e-05
osda_getaway_mean_106,1.248107895268036e-05
osda_box_mean_7,1.2413559848531046e-05
osda_whim_mean_42,1.237839454284638e-05
osda_getaway_mean_244,1.22682206997188e-05
osda_whim_mean_75,1.2245903139682303e-05
osda_box_std_6,1.2227284778167082e-05
osda_whim_mean_19,1.221025215783263e-05
osda_getaway_mean_26,1.2170826715714798e-05
osda_getaway_mean_266,1.2136223447052574e-05
osda_whim_mean_13,1.209679913808684e-05
osda_getaway_mean_170,1.2061808361320744e-05
osda_getaway_mean_65,1.2044251433623988e-05
osda_getaway_mean_224,1.2030941110746164e-05
osda_getaway_mean_96,1.195348140889454e-05
osda_getaway_mean_183,1.1950431895445498e-05
osda_getaway_mean_73,1.189932066024255e-05
osda_npr1_std_0,1.183340714369164e-05
osda_getaway_mean_74,1.1816367677875993e-05
osda_getaway_mean_15,1.1808170001379306e-05
osda_whim_mean_80,1.1800286117560685e-05
osda_box_mean_10,1.1769495264094366e-05
osda_pmi1_mean_0,1.1688173816489448e-05
osda_getaway_mean_22,1.1669137075949315e-05
osda_whim_mean_12,1.1610111314662792e-05
osda_getaway_mean_240,1.1603206945834518e-05
osda_getaway_mean_122,1.1586995817625008e-05
osda_getaway_mean_259,1.1578628078697646e-05
osda_getaway_mean_115,1.151335708779593e-05
osda_box_mean_11,1.1497006924624226e-05
osda_getaway_mean_250,1.1376549127934153e-05
osda_whim_mean_49,1.1357909080799665e-05
osda_getaway_mean_5,1.1334944625394269e-05
osda_whim_mean_72,1.1326196827091946e-05
osda_pmi2_std_0,1.127149495739164e-05
osda_getaway_mean_218,1.1252595933922969e-05
osda_getaway_mean_10,1.1230742021736858e-05
osda_whim_mean_113,1.1217253250982472e-05
osda_getaway_mean_174,1.119100846706329e-05
osda_getaway_mean_249,1.1183135112370408e-05
osda_whim_mean_39,1.0988162396145953e-05
osda_getaway_mean_146,1.0983292377682267e-05
osda_getaway_mean_243,1.0971336326509168e-05
osda_getaway_mean_6,1.0948716080596025e-05
osda_box_std_4,1.0945706540964762e-05
osda_getaway_mean_214,1.0844658318862907e-05
osda_getaway_mean_176,1.0811684062219742e-05
osda_getaway_mean_195,1.0797198972309767e-05
osda_box_std_11,1.0778698861901144e-05
osda_getaway_mean_81,1.0773663127056892e-05
osda_whim_mean_62,1.0735325670206441e-05
osda_getaway_mean_213,1.0721335498360026e-05
osda_box_mean_6,1.0683758992861254e-05
osda_getaway_mean_199,1.0667378112057687e-05
osda_getaway_mean_94,1.0618512499582837e-05
osda_getaway_mean_232,1.0569488487041613e-05
co_ratio_to_t,1.0563477787302888e-05
osda_getaway_mean_177,1.0510899177120456e-05
osda_getaway_mean_90,1.0501816547601708e-05
osda_getaway_mean_253,1.0488807901103966e-05
osda_getaway_mean_235,1.0322321841759913e-05
osda_pmi2_mean_0,1.0257637650288342e-05
osda_getaway_mean_0,1.021635775795947e-05
osda_getaway_mean_77,1.01976065989551e-05
osda_getaway_mean_46,1.0150320985178158e-05
osda_getaway_mean_147,1.0145558038191352e-05
osda_whim_mean_91,1.0071968666605575e-05
osda_getaway_mean_134,1.0054534497027773e-05
osda_getaway_mean_154,1.0042767070958069e-05
osda_box_mean_9,1.0007499170618161e-05
osda_getaway_mean_211,9.981358444359338e-06
osda_getaway_mean_42,9.963792500988053e-06
osda_box_mean_8,9.856388208040523e-06
osda_whim_mean_58,9.829542367086396e-06
osda_getaway_mean_144,9.820575108338992e-06
osda_getaway_mean_48,9.806583450676675e-06
osda_whim_mean_110,9.784256534326122e-06
osda_whim_mean_7,9.781440852776587e-06
osda_getaway_mean_145,9.724464322663659e-06
osda_whim_mean_16,9.654213217494282e-06
mg_ratio_to_t,9.62069250486109e-06
osda_getaway_mean_246,9.608837278162084e-06
osda_gyration_radius_mean_0,9.516948367476877e-06
osda_getaway_mean_86,9.51210013473794e-06
osda_getaway_mean_128,9.438232064646003e-06
osda_whim_mean_88,9.427490652899789e-06
osda_getaway_mean_75,9.349858529707134e-06
osda_getaway_mean_32,9.347558387146048e-06
osda_getaway_mean_227,9.186018100122207e-06
osda_getaway_mean_88,9.182946410887323e-06
osda_getaway_mean_66,9.160714310535072e-06
osda_getaway_mean_262,9.122031182673285e-06
osda_whim_mean_11,9.0989424704225e-06
osda_getaway_mean_160,9.053394398685277e-06
osda_whim_mean_34,9.041883336222258e-06
osda_getaway_mean_247,9.007178001943038e-06
osda_box_std_10,9.002764194709947e-06
osda_getaway_mean_28,8.970279135347505e-06
osda_getaway_mean_260,8.944651715755546e-06
osda_whim_mean_6,8.898996035532319e-06
osda_getaway_mean_261,8.895200733613607e-06
osda_getaway_mean_215,8.863169369420384e-06
osda_whim_mean_71,8.836985330074563e-06
osda_getaway_mean_209,8.814809585766563e-06
osda_getaway_mean_45,8.78565239981211e-06
osda_getaway_mean_179,8.768373203942264e-06
osda_whim_mean_36,8.701117115720205e-06
osda_whim_mean_112,8.670417197903482e-06
osda_getaway_mean_116,8.669565227719085e-06
osda_getaway_mean_131,8.669377917828788e-06
osda_getaway_mean_225,8.66784516152263e-06
osda_getaway_mean_114,8.646991389116738e-06
osda_getaway_mean_107,8.633966686791742e-06
osda_getaway_mean_135,8.598826020578783e-06
osda_inertial_shape_factor_mean_0,8.558731418177382e-06
osda_whim_mean_27,8.554740126895909e-06
osda_getaway_mean_180,8.54689341704906e-06
osda_num_bonds_mean_0,8.498803729335241e-06
osda_whim_mean_17,8.453210226322124e-06
osda_whim_mean_61,8.441467282687246e-06
osda_getaway_mean_271,8.42463430618416e-06
osda_whim_mean_83,8.377630660164871e-06
osda_whim_mean_109,8.367506766512402e-06
osda_getaway_mean_23,8.345608541062252e-06
osda_getaway_mean_93,8.268378132684406e-06
osda_getaway_mean_229,8.250932745263004e-06
osda_getaway_mean_68,8.1827162491398e-06
osda_whim_mean_78,8.094347932676565e-06
osda_box_mean_1,8.09414193153101e-06
sr_ratio_to_t,8.012741194305493e-06
osda_pmi1_std_0,7.995582168475039e-06
osda_pmi3_mean_0,7.765754468296592e-06
osda_getaway_mean_91,7.742211052827497e-06
osda_getaway_mean_35,7.729245600409849e-06
osda_whim_mean_77,7.661251676654738e-06
osda_getaway_mean_196,7.517375018225725e-06
osda_getaway_mean_245,7.491817858434399e-06
osda_getaway_mean_8,7.413646927609405e-06
osda_getaway_mean_108,7.332904464150896e-06
osda_getaway_mean_188,7.303924869281908e-06
osda_getaway_mean_71,7.292641594348589e-06
osda_whim_mean_40,7.1872680679423115e-06
osda_getaway_mean_87,7.1668005833910334e-06
osda_whim_mean_82,7.00381936435018e-06
osda_whim_mean_50,6.991646269108071e-06
osda_getaway_mean_53,6.928215885160895e-06
osda_getaway_mean_263,6.817319427399913e-06
osda_getaway_mean_216,6.798261926736314e-06
mn_ratio_to_t,6.726377848831904e-06
osda_whim_mean_93,6.660897762067317e-06
osda_whim_mean_111,6.615489364986295e-06
osda_whim_mean_51,6.541593326137782e-06
osda_getaway_mean_189,6.524907565555973e-06
osda_getaway_mean_13,6.415500694628948e-06
osda_whim_mean_81,6.370252822524843e-06
osda_whim_mean_79,5.894617233718851e-06
osda_whim_mean_60,5.8776920385821935e-06
osda_getaway_mean_84,5.5018901623779684e-06
osda_getaway_mean_155,5.41172541361809e-06
ni_ratio_to_t,4.584375949380481e-06
osda_whim_mean_90,4.455186206817963e-06
osda_getaway_mean_111,4.426570511837027e-06
cu_ratio_to_t,4.000692884548604e-06
osda_formal_charge,3.6579529519615006e-06
cr_ratio_to_t,2.982070276944498e-06
be_ratio_to_t,2.8567657227851537e-06
sn_ratio_to_t,2.6914640649888653e-06
ba_ratio_to_t,2.522367665405839e-06
ce_ratio_to_t,2.1866804058205315e-06
ca_ratio_to_t,1.369929803999696e-06
zr_ratio_to_t,8.546079896979692e-07
gd_ratio_to_t,5.384875103582338e-07
in_ratio_to_t,4.843618514592376e-07
la_ratio_to_t,4.542115439933123e-07
nb_ratio_to_t,2.661065270370019e-07
cd_ratio_to_t,1.603271713240873e-07
sm_ratio_to_t,1.2462141539842332e-07
y_ratio_to_t,1.015666308438863e-07
ag_ratio_to_t,2.9293807578705855e-08
w_ratio_to_t,2.1944756197909255e-08
dy_ratio_to_t,0.0
osda_getaway_mean_4,0.0
